,contest,choice,totalVotes,party,jurisdiction,votes,Polling Place,Early Ballots,Provisional Ballots,time_stamp
0,President of the United States,"Biden, Joseph",1565200,DEM,State,1565200,117699,1447390,111,11/06/2020 03:15 PM
1,President of the United States,"Biden, Joseph",1565200,DEM,Apache,16574,6539,10035,0,11/06/2020 03:15 PM
2,President of the United States,"Biden, Joseph",1565200,DEM,Cochise,21238,1494,19744,0,11/06/2020 03:15 PM
3,President of the United States,"Biden, Joseph",1565200,DEM,Coconino,43815,4963,38852,0,11/06/2020 03:15 PM
4,President of the United States,"Biden, Joseph",1565200,DEM,Gila,8875,1400,7475,0,11/06/2020 03:15 PM
5,President of the United States,"Biden, Joseph",1565200,DEM,Graham,4034,1055,2944,35,11/06/2020 03:15 PM
6,President of the United States,"Biden, Joseph",1565200,DEM,Greenlee,1182,184,996,2,11/06/2020 03:15 PM
7,President of the United States,"Biden, Joseph",1565200,DEM,La Paz,2050,542,1508,0,11/06/2020 03:15 PM
8,President of the United States,"Biden, Joseph",1565200,DEM,Maricopa,972570,58802,913768,0,11/06/2020 03:15 PM
9,President of the United States,"Biden, Joseph",1565200,DEM,Mohave,24687,2943,21744,0,11/06/2020 03:15 PM
10,President of the United States,"Biden, Joseph",1565200,DEM,Navajo,23217,6425,16792,0,11/06/2020 03:15 PM
11,President of the United States,"Biden, Joseph",1565200,DEM,Pima,291697,15246,276451,0,11/06/2020 03:15 PM
12,President of the United States,"Biden, Joseph",1565200,DEM,Pinal,65355,9804,55551,0,11/06/2020 03:15 PM
13,President of the United States,"Biden, Joseph",1565200,DEM,Santa Cruz,13121,2205,10842,74,11/06/2020 03:15 PM
14,President of the United States,"Biden, Joseph",1565200,DEM,Yavapai,48488,2527,45961,0,11/06/2020 03:15 PM
15,President of the United States,"Biden, Joseph",1565200,DEM,Yuma,28297,3570,24727,0,11/06/2020 03:15 PM
16,President of the United States,"Boddie, President R.",0,N/A,State,0,0,0,0,11/06/2020 03:15 PM
17,President of the United States,"Boddie, President R.",0,N/A,Apache,0,0,0,0,11/06/2020 03:15 PM
18,President of the United States,"Boddie, President R.",0,N/A,Cochise,0,0,0,0,11/06/2020 03:15 PM
19,President of the United States,"Boddie, President R.",0,N/A,Coconino,0,0,0,0,11/06/2020 03:15 PM
20,President of the United States,"Boddie, President R.",0,N/A,Gila,0,0,0,0,11/06/2020 03:15 PM
21,President of the United States,"Boddie, President R.",0,N/A,Graham,0,0,0,0,11/06/2020 03:15 PM
22,President of the United States,"Boddie, President R.",0,N/A,Greenlee,0,0,0,0,11/06/2020 03:15 PM
23,President of the United States,"Boddie, President R.",0,N/A,La Paz,0,0,0,0,11/06/2020 03:15 PM
24,President of the United States,"Boddie, President R.",0,N/A,Maricopa,0,0,0,0,11/06/2020 03:15 PM
25,President of the United States,"Boddie, President R.",0,N/A,Mohave,0,0,0,0,11/06/2020 03:15 PM
26,President of the United States,"Boddie, President R.",0,N/A,Navajo,0,0,0,0,11/06/2020 03:15 PM
27,President of the United States,"Boddie, President R.",0,N/A,Pima,0,0,0,0,11/06/2020 03:15 PM
28,President of the United States,"Boddie, President R.",0,N/A,Pinal,0,0,0,0,11/06/2020 03:15 PM
29,President of the United States,"Boddie, President R.",0,N/A,Santa Cruz,0,0,0,0,11/06/2020 03:15 PM
30,President of the United States,"Boddie, President R.",0,N/A,Yavapai,0,0,0,0,11/06/2020 03:15 PM
31,President of the United States,"Boddie, President R.",0,N/A,Yuma,0,0,0,0,11/06/2020 03:15 PM
32,President of the United States,"Cummings, Daniel Clyde",0,ACN,State,0,0,0,0,11/06/2020 03:15 PM
33,President of the United States,"Cummings, Daniel Clyde",0,ACN,Apache,0,0,0,0,11/06/2020 03:15 PM
34,President of the United States,"Cummings, Daniel Clyde",0,ACN,Cochise,0,0,0,0,11/06/2020 03:15 PM
35,President of the United States,"Cummings, Daniel Clyde",0,ACN,Coconino,0,0,0,0,11/06/2020 03:15 PM
36,President of the United States,"Cummings, Daniel Clyde",0,ACN,Gila,0,0,0,0,11/06/2020 03:15 PM
37,President of the United States,"Cummings, Daniel Clyde",0,ACN,Graham,0,0,0,0,11/06/2020 03:15 PM
38,President of the United States,"Cummings, Daniel Clyde",0,ACN,Greenlee,0,0,0,0,11/06/2020 03:15 PM
39,President of the United States,"Cummings, Daniel Clyde",0,ACN,La Paz,0,0,0,0,11/06/2020 03:15 PM
40,President of the United States,"Cummings, Daniel Clyde",0,ACN,Maricopa,0,0,0,0,11/06/2020 03:15 PM
41,President of the United States,"Cummings, Daniel Clyde",0,ACN,Mohave,0,0,0,0,11/06/2020 03:15 PM
42,President of the United States,"Cummings, Daniel Clyde",0,ACN,Navajo,0,0,0,0,11/06/2020 03:15 PM
43,President of the United States,"Cummings, Daniel Clyde",0,ACN,Pima,0,0,0,0,11/06/2020 03:15 PM
44,President of the United States,"Cummings, Daniel Clyde",0,ACN,Pinal,0,0,0,0,11/06/2020 03:15 PM
45,President of the United States,"Cummings, Daniel Clyde",0,ACN,Santa Cruz,0,0,0,0,11/06/2020 03:15 PM
46,President of the United States,"Cummings, Daniel Clyde",0,ACN,Yavapai,0,0,0,0,11/06/2020 03:15 PM
47,President of the United States,"Cummings, Daniel Clyde",0,ACN,Yuma,0,0,0,0,11/06/2020 03:15 PM
48,President of the United States,"Hawkins, Howie",0,Green,State,0,0,0,0,11/06/2020 03:15 PM
49,President of the United States,"Hawkins, Howie",0,Green,Apache,0,0,0,0,11/06/2020 03:15 PM
50,President of the United States,"Hawkins, Howie",0,Green,Cochise,0,0,0,0,11/06/2020 03:15 PM
51,President of the United States,"Hawkins, Howie",0,Green,Coconino,0,0,0,0,11/06/2020 03:15 PM
52,President of the United States,"Hawkins, Howie",0,Green,Gila,0,0,0,0,11/06/2020 03:15 PM
53,President of the United States,"Hawkins, Howie",0,Green,Graham,0,0,0,0,11/06/2020 03:15 PM
54,President of the United States,"Hawkins, Howie",0,Green,Greenlee,0,0,0,0,11/06/2020 03:15 PM
55,President of the United States,"Hawkins, Howie",0,Green,La Paz,0,0,0,0,11/06/2020 03:15 PM
56,President of the United States,"Hawkins, Howie",0,Green,Maricopa,0,0,0,0,11/06/2020 03:15 PM
57,President of the United States,"Hawkins, Howie",0,Green,Mohave,0,0,0,0,11/06/2020 03:15 PM
58,President of the United States,"Hawkins, Howie",0,Green,Navajo,0,0,0,0,11/06/2020 03:15 PM
59,President of the United States,"Hawkins, Howie",0,Green,Pima,0,0,0,0,11/06/2020 03:15 PM
60,President of the United States,"Hawkins, Howie",0,Green,Pinal,0,0,0,0,11/06/2020 03:15 PM
61,President of the United States,"Hawkins, Howie",0,Green,Santa Cruz,0,0,0,0,11/06/2020 03:15 PM
62,President of the United States,"Hawkins, Howie",0,Green,Yavapai,0,0,0,0,11/06/2020 03:15 PM
63,President of the United States,"Hawkins, Howie",0,Green,Yuma,0,0,0,0,11/06/2020 03:15 PM
64,President of the United States,"Jorgensen, Jo",44944,LBT,State,44944,7019,37917,8,11/06/2020 03:15 PM
65,President of the United States,"Jorgensen, Jo",44944,LBT,Apache,268,122,146,0,11/06/2020 03:15 PM
66,President of the United States,"Jorgensen, Jo",44944,LBT,Cochise,917,166,751,0,11/06/2020 03:15 PM
67,President of the United States,"Jorgensen, Jo",44944,LBT,Coconino,1471,368,1103,0,11/06/2020 03:15 PM
68,President of the United States,"Jorgensen, Jo",44944,LBT,Gila,340,62,278,0,11/06/2020 03:15 PM
69,President of the United States,"Jorgensen, Jo",44944,LBT,Graham,212,63,145,4,11/06/2020 03:15 PM
70,President of the United States,"Jorgensen, Jo",44944,LBT,Greenlee,70,16,51,3,11/06/2020 03:15 PM
71,President of the United States,"Jorgensen, Jo",44944,LBT,La Paz,79,28,51,0,11/06/2020 03:15 PM
72,President of the United States,"Jorgensen, Jo",44944,LBT,Maricopa,27483,3666,23817,0,11/06/2020 03:15 PM
73,President of the United States,"Jorgensen, Jo",44944,LBT,Mohave,1281,358,923,0,11/06/2020 03:15 PM
74,President of the United States,"Jorgensen, Jo",44944,LBT,Navajo,719,213,506,0,11/06/2020 03:15 PM
75,President of the United States,"Jorgensen, Jo",44944,LBT,Pima,6937,828,6109,0,11/06/2020 03:15 PM
76,President of the United States,"Jorgensen, Jo",44944,LBT,Pinal,2088,585,1503,0,11/06/2020 03:15 PM
77,President of the United States,"Jorgensen, Jo",44944,LBT,Santa Cruz,223,43,179,1,11/06/2020 03:15 PM
78,President of the United States,"Jorgensen, Jo",44944,LBT,Yavapai,1936,312,1624,0,11/06/2020 03:15 PM
79,President of the United States,"Jorgensen, Jo",44944,LBT,Yuma,920,189,731,0,11/06/2020 03:15 PM
80,President of the United States,"La Riva, Gloria",0,PSL,State,0,0,0,0,11/06/2020 03:15 PM
81,President of the United States,"La Riva, Gloria",0,PSL,Apache,0,0,0,0,11/06/2020 03:15 PM
82,President of the United States,"La Riva, Gloria",0,PSL,Cochise,0,0,0,0,11/06/2020 03:15 PM
83,President of the United States,"La Riva, Gloria",0,PSL,Coconino,0,0,0,0,11/06/2020 03:15 PM
84,President of the United States,"La Riva, Gloria",0,PSL,Gila,0,0,0,0,11/06/2020 03:15 PM
85,President of the United States,"La Riva, Gloria",0,PSL,Graham,0,0,0,0,11/06/2020 03:15 PM
86,President of the United States,"La Riva, Gloria",0,PSL,Greenlee,0,0,0,0,11/06/2020 03:15 PM
87,President of the United States,"La Riva, Gloria",0,PSL,La Paz,0,0,0,0,11/06/2020 03:15 PM
88,President of the United States,"La Riva, Gloria",0,PSL,Maricopa,0,0,0,0,11/06/2020 03:15 PM
89,President of the United States,"La Riva, Gloria",0,PSL,Mohave,0,0,0,0,11/06/2020 03:15 PM
90,President of the United States,"La Riva, Gloria",0,PSL,Navajo,0,0,0,0,11/06/2020 03:15 PM
91,President of the United States,"La Riva, Gloria",0,PSL,Pima,0,0,0,0,11/06/2020 03:15 PM
92,President of the United States,"La Riva, Gloria",0,PSL,Pinal,0,0,0,0,11/06/2020 03:15 PM
93,President of the United States,"La Riva, Gloria",0,PSL,Santa Cruz,0,0,0,0,11/06/2020 03:15 PM
94,President of the United States,"La Riva, Gloria",0,PSL,Yavapai,0,0,0,0,11/06/2020 03:15 PM
95,President of the United States,"La Riva, Gloria",0,PSL,Yuma,0,0,0,0,11/06/2020 03:15 PM
96,President of the United States,"Simmons, Jade",0,N/A,State,0,0,0,0,11/06/2020 03:15 PM
97,President of the United States,"Simmons, Jade",0,N/A,Apache,0,0,0,0,11/06/2020 03:15 PM
98,President of the United States,"Simmons, Jade",0,N/A,Cochise,0,0,0,0,11/06/2020 03:15 PM
99,President of the United States,"Simmons, Jade",0,N/A,Coconino,0,0,0,0,11/06/2020 03:15 PM
100,President of the United States,"Simmons, Jade",0,N/A,Gila,0,0,0,0,11/06/2020 03:15 PM
101,President of the United States,"Simmons, Jade",0,N/A,Graham,0,0,0,0,11/06/2020 03:15 PM
102,President of the United States,"Simmons, Jade",0,N/A,Greenlee,0,0,0,0,11/06/2020 03:15 PM
103,President of the United States,"Simmons, Jade",0,N/A,La Paz,0,0,0,0,11/06/2020 03:15 PM
104,President of the United States,"Simmons, Jade",0,N/A,Maricopa,0,0,0,0,11/06/2020 03:15 PM
105,President of the United States,"Simmons, Jade",0,N/A,Mohave,0,0,0,0,11/06/2020 03:15 PM
106,President of the United States,"Simmons, Jade",0,N/A,Navajo,0,0,0,0,11/06/2020 03:15 PM
107,President of the United States,"Simmons, Jade",0,N/A,Pima,0,0,0,0,11/06/2020 03:15 PM
108,President of the United States,"Simmons, Jade",0,N/A,Pinal,0,0,0,0,11/06/2020 03:15 PM
109,President of the United States,"Simmons, Jade",0,N/A,Santa Cruz,0,0,0,0,11/06/2020 03:15 PM
110,President of the United States,"Simmons, Jade",0,N/A,Yavapai,0,0,0,0,11/06/2020 03:15 PM
111,President of the United States,"Simmons, Jade",0,N/A,Yuma,0,0,0,0,11/06/2020 03:15 PM
112,President of the United States,"Trump, Donald J.",1525800,REP,State,1525800,240361,1285236,203,11/06/2020 03:15 PM
113,President of the United States,"Trump, Donald J.",1525800,REP,Apache,7491,4053,3438,0,11/06/2020 03:15 PM
114,President of the United States,"Trump, Donald J.",1525800,REP,Cochise,29908,7708,22200,0,11/06/2020 03:15 PM
115,President of the United States,"Trump, Donald J.",1525800,REP,Coconino,26212,6446,19766,0,11/06/2020 03:15 PM
116,President of the United States,"Trump, Donald J.",1525800,REP,Gila,18241,3260,14981,0,11/06/2020 03:15 PM
117,President of the United States,"Trump, Donald J.",1525800,REP,Graham,10747,3314,7288,145,11/06/2020 03:15 PM
118,President of the United States,"Trump, Donald J.",1525800,REP,Greenlee,2433,840,1571,22,11/06/2020 03:15 PM
119,President of the United States,"Trump, Donald J.",1525800,REP,La Paz,4542,1606,2936,0,11/06/2020 03:15 PM
120,President of the United States,"Trump, Donald J.",1525800,REP,Maricopa,912115,101872,810243,0,11/06/2020 03:15 PM
121,President of the United States,"Trump, Donald J.",1525800,REP,Mohave,77724,20938,56786,0,11/06/2020 03:15 PM
122,President of the United States,"Trump, Donald J.",1525800,REP,Navajo,27417,8722,18695,0,11/06/2020 03:15 PM
123,President of the United States,"Trump, Donald J.",1525800,REP,Pima,193543,33667,159876,0,11/06/2020 03:15 PM
124,President of the United States,"Trump, Donald J.",1525800,REP,Pinal,88597,26172,62425,0,11/06/2020 03:15 PM
125,President of the United States,"Trump, Donald J.",1525800,REP,Santa Cruz,6179,1879,4264,36,11/06/2020 03:15 PM
126,President of the United States,"Trump, Donald J.",1525800,REP,Yavapai,88037,14233,73804,0,11/06/2020 03:15 PM
127,President of the United States,"Trump, Donald J.",1525800,REP,Yuma,32614,5651,26963,0,11/06/2020 03:15 PM
